Tanggal,Judul,Deskripsi
2026-06-22,PLN UP3 Madura Ajak Pelanggan Pascabayar Manfaatkan Fitur Swacam di PLN Mobile,"PAMEKASAN, Senin (22/06) suaraindonesia-news.com – PT PLN Unit...
The post PLN UP3 Madura Ajak Pelanggan Pascabayar Manfaatkan Fitur Swacam di PLN Mobile appeared first on Suara Indonesia."
2026-06-22,TRCPPA Usulkan Rumah Rehabilitasi Pembinaan Perilaku untuk Perempuan,"JAKARTA, Senin (22/06) suaraindonesia-news.com – Ketua Umum Tim...
The post TRCPPA Usulkan Rumah Rehabilitasi Pembinaan Perilaku untuk Perempuan appeared first on Suara Indonesia."
2026-06-22,Wamen ATR/BPN Ambil Sumpah 1.322 PNS Baru dan Lantik 212 Pejabat Fungsional,"JAKARTA, Senin (22/06) suaraindonesia-news.com – Wakil Menteri Agraria...
The post Wamen ATR/BPN Ambil Sumpah 1.322 PNS Baru dan Lantik 212 Pejabat Fungsional appeared first on Suara Indonesia."
2026-06-22,Kepala Kantah Kota Bogor Tekankan Pentingnya Sense of Belonging untuk Tingkatkan Kualitas Layanan,"KOTA BOGOR, Senin (22/06) suaraindonesia-news.com – Kepala Kantor...
The post Kepala Kantah Kota Bogor Tekankan Pentingnya Sense of Belonging untuk Tingkatkan Kualitas Layanan appeared first on Suara Indonesia."
2026-06-22,"Sidak ke RSUD dr. Slamet Martodirdjo, Bupati Pamekasan Tekankan Mutu dan Kecepatan Pelayanan","PAMEKASAN, Senin (22/06) suaraindonesia-news.com – Bupati Pamekasan, K.H....
The post Sidak ke RSUD dr. Slamet Martodirdjo, Bupati Pamekasan Tekankan Mutu dan Kecepatan Pelayanan appeared first on Suara Indonesia."
2026-06-22,DKPP Sumenep Imbau Petani Jaga Kualitas Tembakau Sejak Awal Musim Tanam 2026,"SUMENEP, Kamis (22/06) suaraindonesia-news.com – Memasuki musim tanam...
The post DKPP Sumenep Imbau Petani Jaga Kualitas Tembakau Sejak Awal Musim Tanam 2026 appeared first on Suara Indonesia."
2026-06-22,DKPP Sumenep Fokuskan DBHCHT 2026 untuk Bantuan Benih Tembakau,"SUMENEP, Senin (22/06) suaraindonesia-news.com – Pemerintah Kabupaten (Pemkab)...
The post DKPP Sumenep Fokuskan DBHCHT 2026 untuk Bantuan Benih Tembakau appeared first on Suara Indonesia."
2026-06-22,Promo Song Fa Re-Opening Cashback 50% untuk GFC Member,"Promo Song Fa Re-Opening Cashback 50% untuk GFC Member dengan unlimited cashback untuk transaksi selama periode promo, berlaku mulai tanggal 21 Juni 2026 – 30 Juni 2026 di Grand Indonesia.  KAMI KEMBALI! Promo Song - [ baca lebih lanjut ] -
The post Promo S…"
2026-06-22,Promo Adidas End of Season Sale Diskon Hingga 30% & Diskon 20% Off,"Promo Adidas End of Season Sale Diskon Hingga 30% & Diskon 20% Off berlaku 22–30 Juni 2026 untuk sneakers, apparel, dan aksesoris Adidas Indonesia Promo Adidas End of Season Sale Diskon Hingga 30% & Diskon - [ baca lebih lanjut ] -
The post Promo Adidas End o…"
2026-06-22,"Min Haitsu La Yahtasib, Kisah Jurnalis Sumenep Menjadi Petugas Haji MCH 2026","Oleh: M.Hariri Media Center Haji Daker Bandara, PPIH...
The post Min Haitsu La Yahtasib, Kisah Jurnalis Sumenep Menjadi Petugas Haji MCH 2026 appeared first on Suara Indonesia."
2026-06-22,Promo Sushi Go Salmon Party Set Rp. 75.000,"Promo Sushi Go Salmon Party Set Rp. 75.000 menghadirkan 5 menu olahan salmon dalam satu paket hemat. Berlaku 24–26 Juni 2026 di seluruh outlet Sushi Go Promo Sushi Go Salmon Party Set Rp. 75.000 dari - [ baca lebih lanjut ] -
The post Promo Sushi Go Salmon Pa…"
2026-06-22,Citizen Vigilante (2026),"Sanders merasa frustrasi dengan kurangnya keadilan publik dan memutuskan untuk mengambil tindakan sendiri dengan menjadi seorang vigilante. Dia bertekad untuk […]
The post Citizen Vigilante (2026) appeared first on Samehadaku."
2026-06-22,Finnegan’s Foursome (2026),"Dua saudara laki-laki paruh baya dan putra-putra mereka masing-masing melakukan perjalanan ke Irlandia untuk mengikuti acara golf tahunan Keluarga Finnegan, […]
The post Finnegan’s Foursome (2026) appeared first on Samehadaku."
2026-06-22,Razor (2026),"Ketika seorang gadis kecil diburu untuk dibunuh oleh seorang politisi berpengaruh dan jaringan kriminalnya yang kejam, seorang penata bulu anjing […]
The post Razor (2026) appeared first on Samehadaku."
2026-06-22,The Voices of Our Mother (2026),"Ketika seorang matriark keluarga jatuh sakit parah, kerabat berkumpul dan menemukan ikatan leluhur yang mereka miliki mengikat mereka dengan cara […]
The post The Voices of Our Mother (2026) appeared first on Samehadaku."
2026-06-22,学校法人東京農業大学【東京農業大学】インドネシア国家レジリエンス研究所主催によるインドネシア国家代表視察団との意見交換会を実施,東京農業大学で6月8日（月）、インドネシア国家レジリエンス研究所（レンハナス：Lembaga Ketahanan Nasional Republik Indonesia）主催によるインドネシア国家代表視察団との意見交換会を実施しました。https://digitalpr.jp/simg/2209/137441/700_420_202606221259006a38b304c109e.png 意見交換会は三原 真智人 副学長...
2026-06-22,Promo Gentle Gen Silk Rose 3in1 5 Pouch Deterjen Rp. 69.000,"Promo Gentle Gen Silk Rose 3in1 5 Pouch deterjen lembut bersih hingga serat kain dan wangi tahan lama berlaku 22 Juni 2026 – 31 Juli 2026 di Blibli. Promo Gentle Gen Silk Rose 3in1 5 - [ baca lebih lanjut ] -
The post Promo Gentle Gen Silk Rose 3in1 5 Pouch D…"
2026-06-22,Promo Chadol Gujeolpan Happy Hours Diskon 50% mulai 25 ribu,"Promo Chadol Gujeolpan Happy Hours Diskon 50% mulai 25 ribu menu hemat Senin–Jumat untuk makan bareng bestie di Chadol Gujeolpan Promo Chadol Gujeolpan Happy Hours Diskon 50% jadi pilihan pas buat kamu yang mau makan - [ baca lebih lanjut ] -
The post Promo C…"
2026-06-22,Promo PHD NEW! Crafted Flatzz Pizza mulai Rp. 65.000,"Promo PHD NEW! Crafted Flatzz Pizza mulai Rp. 65.000 dengan topping melimpah dalam Flatzz Combo & Double Flatzz berlaku 22 Juni 2026 – 19 Juli 2026 via GoFood Promo PHD NEW! Crafted Flatzz Pizza lagi - [ baca lebih lanjut ] -
The post Promo PHD NEW! Crafted F…"
2026-06-22,Promo Ancol HUT Jakarta 499 Gratis Tiket Masuk,"Promo Ancol HUT Jakarta 499 Gratis Tiket Masuk berlaku 22, 27, dan 28 Juni 2026 untuk WNI dengan reservasi wajib melalui ancol.com. Kabar gembira untuk seluruh Warga Negara Indonesia. Dalam rangka menyambut HUT Jakarta ke-499, - [ baca lebih lanjut ] -
The po…"
2026-06-22,Promo HokBen HUT Jakarta 499 Irodori Bento Rp. 49.900,"Promo HokBen HUT Jakarta 499 Irodori Bento Rp. 49.900 dengan Ocha untuk dine in dan take away berlaku mulai tanggal 22 Juni 2026 – 24 Juni 2026 di seluruh outlet DKI Jakarta. Promo HokBen HUT - [ baca lebih lanjut ] -
The post Promo HokBen HUT Jakarta 499 Iro…"
2026-06-22,Festival Jajanan Jakarta di Sarinah Jakarta,"Festival Jajanan Jakarta di Sarinah Jakarta berlangsung 18–26 Juni 2026 dengan kuliner khas Nusantara dan 10 tenant UMKM binaan Jakpreneur. Buat yang rindu cita rasa khas Jakarta dan kuliner tradisional Nusantara, Festival Jajanan Jakarta menjadi - [ baca leb…"
2026-06-22,Promo Monas HUT Jakarta 499 Gratis Tiket Masuk,"Promo Monas HUT Jakarta 499 Gratis Tiket Masuk berlaku 22, 27, dan 28 Juni 2026 dengan akses gratis ke Museum Monas dan Puncak Monas. Ada hadiah spesial bagi masyarakat yang ingin merayakan ulang tahun Jakarta - [ baca lebih lanjut ] -
The post Promo Monas HU…"
2026-06-22,Promo Lamian Palace Farewell Menu mulai Rp. 25.000++,"Promo Lamian Palace Farewell Menu mulai Rp. 25.000++ spesial dine-in take away berlaku 20 Juni 2026 – 28 Juni 2026 di Grand Indonesia Terima kasih untuk setiap momen yang telah tercipta bersama Lamian Palace Grand - [ baca lebih lanjut ] -
The post Promo Lami…"
2026-06-21,Ngeri! Dokter Kandungan Ungkap Efek Kanker Serviks Stadium Lanjut pada Tubuh Wanita,Dokter mengungkap efek kanker serviks stadium lanjut pada wanita. Ketahui empat stadium dari kanker ini.
2026-06-21,"Dukung Kawasan Swasembada Pangan di Papua Selatan, Kementerian ATR/BPN Percepat Penyesuaian Tata Ruang","JAKARTA, Minggu (21/06) suaraindonesia-news.com – Kementerian Agraria dan...
The post Dukung Kawasan Swasembada Pangan di Papua Selatan, Kementerian ATR/BPN Percepat Penyesuaian Tata Ruang appeared first on Suara Indonesia."
2026-06-21,"Menteri ATR/BPN Usulkan Pagu Anggaran Rp10,6 Triliun untuk Rencana Kerja Tahun 2027","JAKARTA, Minggu (21/06) suaraindonesia-news.com – Menteri Agraria dan...
The post Menteri ATR/BPN Usulkan Pagu Anggaran Rp10,6 Triliun untuk Rencana Kerja Tahun 2027 appeared first on Suara Indonesia."
2026-06-21,Maternal Instinct (2026),"Polisi menghentikan seorang wanita yang mengaku baru saja melahirkan. Tetapi bayi itu – dan darah itu – bukan miliknya. Kebohongan […]
The post Maternal Instinct (2026) appeared first on Samehadaku."
2026-06-21,Tharae The Exorcist (2025),"Ketika iblis pendendam muncul kembali di desa Katolik terbesar di Thailand, seorang pastor yang kaku dan seorang dukun yang pemberani […]
The post Tharae The Exorcist (2025) appeared first on Samehadaku."
2026-06-21,Pemerataan Daratan dan Kepulauan Jadi Fokus Enam Prioritas Pembangunan Sumenep Tahun 2026,"SUMENEP, Minggu (21/06) suaraindonesia-news.com – Pemerintah Kabupaten (Pemkab)...
The post Pemerataan Daratan dan Kepulauan Jadi Fokus Enam Prioritas Pembangunan Sumenep Tahun 2026 appeared first on Suara Indonesia."
2026-06-20,"Kunjungi Samarinda, Wamen ATR/BPN Tekankan Peran Strategis Jajaran Kaltim dalam Mendukung Pembangunan IKN","SAMARINDA, Sabtu (20/06) suaraindonesia-news.com – Wakil Menteri Agraria...
The post Kunjungi Samarinda, Wamen ATR/BPN Tekankan Peran Strategis Jajaran Kaltim dalam Mendukung Pembangunan IKN appeared first on Suara Indonesia."
2026-06-20,Wamen ATR/BPN Usulkan Sistem Satu Penguasaan Tanah dan Kebijakan Satu Tata Ruang untuk Atasi Tumpang Tindih Lahan,"JAKARTA, Sabtu (20/06) suaraindonesia-news.com – Wakil Menteri Agraria...
The post Wamen ATR/BPN Usulkan Sistem Satu Penguasaan Tanah dan Kebijakan Satu Tata Ruang untuk Atasi Tumpang Tindih Lahan appeared first on Suara Indonesia."
2026-06-20,Promo Wingstop HUT Jakarta 499 Paket Hemat Rp. 49.900,"Promo Wingstop HUT Jakarta 499 Paket Hemat Rp. 49.900 berlaku 22–23 Juni 2026 dengan 6 Boneless, Mushroom Fritters, 2 Rice, dan 2 Coca-Cola Zero khusus Jakarta. Pergi ke pasar di hari Selasa, mampir sebentar ke - [ baca lebih lanjut ] -
The post Promo Wingsto…"
2026-06-20,Husbands in Action (2026),"Seorang detektif bekerja sama dengan suami baru mantan istrinya untuk mengejar para penculiknya. Mampukah duo yang tak terduga ini mengesampingkan […]
The post Husbands in Action (2026) appeared first on Samehadaku."
2026-06-20,Spider-Man: Lotus (2023),"Peter Parker harus menghadapi pertempuran terbesarnya setelah kehilangan wanita impiannya karena musuh bebuyutannya. Peter harus mengingat kembali arti menjadi Spider-Man […]
The post Spider-Man: Lotus (2023) appeared first on Samehadaku."
2026-06-20,The Exhibitor (2026),"Saat pembunuhan mulai bermunculan di sekitar hotel dan pameran, kecurigaan terhadap Vi mulai menguat. Dengan masa lalunya yang kembali terungkap […]
The post The Exhibitor (2026) appeared first on Samehadaku."
2026-06-20,Voicemails for Isabelle (2026),"Pesan suara pengakuan yang lucu dari seorang wanita muda kepada mendiang saudara perempuannya tanpa disadari dialihkan ke orang asing, yang […]
The post Voicemails for Isabelle (2026) appeared first on Samehadaku."
2026-06-19,"Kementan Percepat Hilirisasi Perkebunan, Tenaga Ahli Menteri Tinjau Penangkaran Benih Kelapa di Sumenep","SUMENEP, Jumat (19/06) suaraindonesia-news.com – Kementerian Pertanian Republik...
The post Kementan Percepat Hilirisasi Perkebunan, Tenaga Ahli Menteri Tinjau Penangkaran Benih Kelapa di Sumenep appeared first on Suara Indonesia."
2026-06-19,"Isu Bahasa Inggris Jadi Sorotan, BEI Siap Klarifikasi ke MSCI",Bursa Efek Indonesia akan meminta penjelasan MSCI terkait catatan akses informasi emiten dalam bahasa Inggris yang dinilai belum sepenuhnya tersedia bagi investor asing.
2026-06-19,Menteri ATR/BPN Serahkan 243 Sertipikat Tanah Wakaf di Jawa Tengah untuk Perkuat Kepastian Hukum Aset Umat,"SEMARANG, Jumat (19/06) suaraindonesia-news.com – Menteri Agraria dan...
The post Menteri ATR/BPN Serahkan 243 Sertipikat Tanah Wakaf di Jawa Tengah untuk Perkuat Kepastian Hukum Aset Umat appeared first on Suara Indonesia."
2026-06-19,"Madura United Pulangkan Angga Saputro, Perkuat Persaingan di Sektor Penjaga Gawang","PAMEKASAN, Jumat (19/06) suaraindonesia-news.com – Madura United FC...
The post Madura United Pulangkan Angga Saputro, Perkuat Persaingan di Sektor Penjaga Gawang appeared first on Suara Indonesia."
2026-06-19,Menteri ATR/BPN Nusron Wahid: Kritik Masyarakat Penting untuk Meningkatkan Kualitas Kebijakan Publik,"YOGYAKARTA, Jumat (19/06) suaraindonesia-news.com – Menteri Agraria dan...
The post Menteri ATR/BPN Nusron Wahid: Kritik Masyarakat Penting untuk Meningkatkan Kualitas Kebijakan Publik appeared first on Suara Indonesia."
2026-06-19,"Kabar Baik bagi Pemilik Properti, Sejumlah Daerah Berikan Insentif Pengurangan dan Pembebasan BPHTB","KOTA BOGOR, Jumat (19/06) suaraindonesia-news.com – Kementerian Agraria...
The post Kabar Baik bagi Pemilik Properti, Sejumlah Daerah Berikan Insentif Pengurangan dan Pembebasan BPHTB appeared first on Suara Indonesia."
2026-06-19,"Polres Pamekasan Periksa A.E., Belum Ada Penetapan Tersangka","PAMEKASAN, Jumat (19/06) suaraindonesian-news.com – Satuan Reserse Kriminal...
The post Polres Pamekasan Periksa A.E., Belum Ada Penetapan Tersangka appeared first on Suara Indonesia."
2026-06-19,Promo Leten Paradise Dynasty Emperor Bakcang Mulai Rp. 128.000,"Promo Leten Paradise Dynasty Emperor Bakcang Mulai Rp. 128.000 dengan varian bebek original dan XO, berlaku selama Dragon Boat Festival di lokasi tertentu. Happy Dragon Boat Festival! ✨ Promo Leten Paradise Dynasty Emperor Bakcang Mulai - [ baca lebih lanju…"
2026-06-19,Promo TIX ID Beli 1 Gratis 1 Tiket Sekawan Limo 2,"Promo TIX ID Beli 1 Gratis 1 Tiket Sekawan Limo 2 nikmati tiket gratis saat beli 2 tiket melalui aplikasi TIX ID berlaku 19 Juni 2026 – 22 Juni 2026. Promo TIX ID Beli 1 - [ baca lebih lanjut ] -
The post Promo TIX ID Beli 1 Gratis 1 Tiket Sekawan Limo 2 appe…"
2026-06-19,A Special Memory (2026),"Penyakit itu menguji cinta pasangan tersebut dengan cara yang tidak pernah mereka duga, mengubah narasi dari kisah romantis yang manis […]
The post A Special Memory (2026) appeared first on Samehadaku."
2026-06-19,Latina (2026),"Sebuah kisah tentang seorang wanita misterius yang mengguncang sebuah rumah kos yang tampaknya biasa saja. Saat ia memikat para penghuni […]
The post Latina (2026) appeared first on Samehadaku."
2026-06-19,Bappeda Sumenep Perkuat Akuntabilitas Kinerja OPD melalui Sistem Monitoring Terintegrasi,"SUMENEP, Jumat (19/06) suaraindonesia-news.com – Badan Perencanaan Pembangunan...
The post Bappeda Sumenep Perkuat Akuntabilitas Kinerja OPD melalui Sistem Monitoring Terintegrasi appeared first on Suara Indonesia."
2026-06-19,Toy Story 5 (2026),"Ketika Bonnie menerima tablet Lilypad sebagai hadiah dan menjadi terobsesi, pekerjaan Buzz, Woody, Jessie, dan anggota geng lainnya menjadi jauh […]
The post Toy Story 5 (2026) appeared first on Samehadaku."
2026-06-19,Promo Kidz Station Flash Sale Extra Diskon 10%,"Promo Kidz Station Flash Sale Extra Diskon 10% memberikan tambahan potongan harga untuk mainan pilihan, berlaku mulai tanggal 19 Juni 2026 – 21 Juni 2026 di beberapa lokasi Promo Kidz Station Flash Sale Extra Diskon - [ baca lebih lanjut ] -
The post Promo Ki…"
2026-06-19,Promo Dairy Queen NEW! Royal Thai Tea Blizzard Ice Cream,"Promo Dairy Queen NEW! Royal Thai Tea Blizzard Ice Cream soft serve creamy Thai Tea dengan saus Thai tea dan topping wafer roll crunchy tersedia seluruh outlet Promo dari Dairy Queen kali ini menghadirkan inovasi - [ baca lebih lanjut ] -
The post Promo Dairy…"
2026-06-19,Promo RamenYA Paket Pelajar Berdua Mulai Rp. 50.000 per Orang,"Promo RamenYA Paket Pelajar Berdua Mulai Rp. 50.000 per Orang untuk pelajar dan mahasiswa berlaku 19 Juni 2026 – 12 Juli 2026 di seluruh outlet. Promo khusus pelajar & mahasiswa‼️ Tunjukkan kartu pelajarmu dan nikmati - [ baca lebih lanjut ] -
The post Promo …"
2026-06-19,Promo Skintific NEW! PDRN Bright & Smooth Serum,"Promo Skintific NEW! PDRN Bright & Smooth Serum dengan 5000 ppm PDRN, Brightenyl® dan Illuminyl™ 388 untuk kulit lebih cerah dan halus. Berlaku 19 Juni 2026 – 30 Juni 2026 di Shopee. ✨ NEW ARRIVAL: - [ baca lebih lanjut ] -
The post Promo Skintific NEW! PDRN …"
2026-06-18,"Germa Gugat Kinerja PT WUS, Soroti Penyertaan Modal dan Minim Kontribusi PAD","SUMENEP, Kamis (18/6) suaraindonesia-news.com – Kinerja PT Wira...
The post Germa Gugat Kinerja PT WUS, Soroti Penyertaan Modal dan Minim Kontribusi PAD appeared first on Suara Indonesia."
2026-06-18,Kementerian ATR/BPN Percepat Penataan Ruang Kawasan Swasembada di Papua Selatan,"JAKARTA, Kamis (18/6) suaraindonesia-news.com – Kementerian Agraria dan...
The post Kementerian ATR/BPN Percepat Penataan Ruang Kawasan Swasembada di Papua Selatan appeared first on Suara Indonesia."
2026-06-18,"Otorita IKN dan Korea Selatan Bangun Pusat Kota Cerdas Senilai Rp115,94 Miliar","NUSANTARA, Kamis (18/6) suaraindonesia-news.com – Otorita Ibu Kota...
The post Otorita IKN dan Korea Selatan Bangun Pusat Kota Cerdas Senilai Rp115,94 Miliar appeared first on Suara Indonesia."
2026-06-18,Kementerian ATR/BPN dan Kejaksaan Agung Jalin Kerja Sama untuk Pengamanan Aset dan Penanganan Masalah Pertanahan,"JAKARTA, Kamis (18/6) suaraindonesia-news.com – Kementerian Agraria dan...
The post Kementerian ATR/BPN dan Kejaksaan Agung Jalin Kerja Sama untuk Pengamanan Aset dan Penanganan Masalah Pertanahan appeared first on Suara Indonesia."
2026-06-18,Banggar DPRD Kaltim Bahas Strategi Peningkatan Pendapatan Daerah Bersama UPTD PPRD Bapenda Wilayah Balikpapan,"BALIKPAPAN, Kamis (18/6) suaraindonesia-news.com – Badan Anggaran (Banggar)...
The post Banggar DPRD Kaltim Bahas Strategi Peningkatan Pendapatan Daerah Bersama UPTD PPRD Bapenda Wilayah Balikpapan appeared first on Suara Indonesia."
2026-06-18,SDN Polisi 1 Kota Bogor Tampung 112 Siswa Baru pada SPMB Tahun Ajaran 2026/2027,"KOTA BOGOR, Kamis (18/6) suaraindonesia-news.com – Sekolah Dasar...
The post SDN Polisi 1 Kota Bogor Tampung 112 Siswa Baru pada SPMB Tahun Ajaran 2026/2027 appeared first on Suara Indonesia."
2026-06-18,Menkes Budi Dorong Optimisme dan Kesehatan Mental,Menkes Budi Gunadi Sadikin menekankan pentingnya optimisme dan kesehatan mental bagi generasi muda dalam menghadapi krisis serta membangun masa depan Indonesia.
2026-06-18,Tom Lembong: Kondisi Fiskal RI Sekarang Lebih Buruk Ketimbang 1998,Tom Lembong menilai kondisi fiskal Indonesia saat ini lebih buruk dibandingkan masa krisis 1997-1998 meski teknologi dan produktivitas masyarakat meningkat.
2026-06-18,Promo Baskin Robbins Allo Bank Festival Small Cup Diskon 50%,"Promo Baskin Robbins Allo Bank Festival Small Cup Diskon 50% untuk 1 small cup dengan Allo PayLater berlaku 20 Juni 2026 di Indonesia Arena. Promo Baskin Robbins Allo Bank Festival Small Cup Diskon 50% bikin - [ baca lebih lanjut ] -
The post Promo Baskin Rob…"
2026-06-18,Promo Cinema XXI DBS Beli 1 GRATIS 1 Tiket The Premiere,"Promo Cinema XXI DBS Beli 1 GRATIS 1 Tiket The Premiere setiap Kamis dengan Kartu Kredit DBS berlaku 1 Januari 2026 – 31 Desember 2026 di lokasi tertentu. Menonton di studio premium kini jadi lebih - [ baca lebih lanjut ] -
The post Promo Cinema XXI DBS Beli …"
2026-06-18,Festival Jakarta Great Sale 2026 di Grand Indonesia,"Festival Jakarta Great Sale 2026 di Grand Indonesia menawarkan diskon hingga 70% dan kesempatan memenangkan mobil, berlaku mulai tanggal 10 Juni 2026 – 22 Juli 2026 di Jakarta. Rasakan pengalaman belanja penuh cerita di Festival - [ baca lebih lanjut ] -
The …"
2026-06-18,Promo TIX ID Beli 1 Gratis 1 Tiket Cerita Lila,"Promo TIX ID Beli 1 Gratis 1 Tiket Cerita Lila diskon 1 tiket dengan beli minimal 2 tiket via aplikasi berlaku mulai tanggal 18 Juni 2026 – 19 Juni 2026. Promo TIX ID Beli 1 - [ baca lebih lanjut ] -
The post Promo TIX ID Beli 1 Gratis 1 Tiket Cerita Lila app…"
2026-06-18,Air Mata Buaya (2026),"Seorang ibu yang terlalu protektif yang tinggal bersama putranya di sebuah peternakan buaya terpencil menjadi tak terkendali ketika putranya melihat […]
The post Air Mata Buaya (2026) appeared first on Samehadaku."
2026-06-18,Busboys (2026),"Dua sahabat yang bodoh percaya bahwa jika mereka menjadi pelayan, semua masalah mereka akan terselesaikan. Mereka tidak sepenuhnya salah, tetapi […]
The post Busboys (2026) appeared first on Samehadaku."
2026-06-18,Kafir: The Spirit Gate (2026),"Delapan tahun setelah kematian tragis Herman akibat ilmu hitam, Sri membangun kembali hidupnya bersama putrinya, Dina, dan Andi, yang telah […]
The post Kafir: The Spirit Gate (2026) appeared first on Samehadaku."
2026-06-18,Sadali (2026),"Tiga tahun setelah kisah cintanya berakhir, Sadali memilih kehidupan tenang sebagai pelukis di Magelang dan mempersiapkan pameran terpenting dalam kariernya. […]
The post Sadali (2026) appeared first on Samehadaku."
2026-06-18,Seni memahami Kekasih (2026),"Agus dan Kalis menjalin hubungan romantis. Bukan hubungan romantis yang sesungguhnya, tetapi hubungan mereka penuh dengan keunikan.
The post Seni memahami Kekasih (2026) appeared first on Samehadaku."
2026-06-18,Vikalpa (2026),"Vikalpa mengisahkan seorang CEO perusahaan sukses yang hidupnya berantakan karena tekanan luar biasa yang memicu halusinasi mengerikan dan trauma masa […]
The post Vikalpa (2026) appeared first on Samehadaku."
2026-06-18,Your Fault: London (2026),"Nick dan Noah sama-sama memulai petualangan yang mengubah hidup mereka, yang mengancam untuk memisahkan mereka — Nick berbisnis dengan ayahnya […]
The post Your Fault: London (2026) appeared first on Samehadaku."
2026-06-18,Promo Wingstop NEW! GRATIS Wingstop Squad Plushie,"Promo Wingstop NEW! GRATIS Wingstop Squad Plushie dengan pembelian paket 7 Crunchy Wings dan 7 Boneless Rp. 120.000 berlaku mulai tanggal 19 Juni 2026 di seluruh outlet. OMG.. Emang boleh isi blind box segemas ini?!?! - [ baca lebih lanjut ] -
The post Promo …"
2026-06-18,Promo Lamian Palace Lamian Day Mie Favorit Rp. 19.000,"Promo Lamian Palace Lamian Day Mie Favorit Rp. 19.000 berlaku 19 Juni 2026 untuk dine in di Grand Indonesia, Mall Artha Gading, dan SMS. Tanggal 19 waktunya Lamian Day! ✨ Promo Lamian Palace Lamian Day - [ baca lebih lanjut ] -
The post Promo Lamian Palace …"
2026-06-18,Promo Yakiniku Like Diskon Bank Hingga 35%,"Promo Yakiniku Like Diskon Bank Hingga 35% potongan transaksi dengan kartu bank pilihan berlaku hingga tanggal  30 April 2027 di seluruh outlet. Makan di Yakiniku Like makin tambah-tambah hematnya!  Promo Yakiniku Like Diskon Bank - [ baca lebih lanjut ] -
…"
2026-06-18,Promo Sushi Tei Hari Sushi Internasional Salmon Fried Roll Rp. 1,"Promo Sushi Tei Hari Sushi Internasional Salmon Fried Roll Rp. 1 dengan minimum transaksi Rp. 350.000 berlaku 18 Juni 2026 di seluruh outlet. Rayakan Hari Sushi Internasional dengan promo spesial yang sayang banget untuk dilewatkan! - [ baca lebih lanjut ] -
…"
2026-06-18,Promo Ta Wan Family Holiday Feast Mulai Rp. 399.000,"Promo Ta Wan Family Holiday Feast mulai Rp. 399.000 untuk 4–6 orang plus Mantau Creation gratis untuk anak, berlaku 18 Juni 2026 – 31 Juli 2026 di seluruh outlet. Liburan sekolah adalah waktu yang tepat - [ baca lebih lanjut ] -
The post Promo Ta Wan Family H…"
2026-06-18,Promo Gindaco NEW! Triple Cheese Series Mulai Rp. 23.000,"Promo Gindaco NEW! Triple Cheese Series mulai Rp. 23.000 dengan pilihan Takoyaki, Okonomiyaki, Taiyaki, dan Tamagoyaki berlaku di seluruh outlet. Say hello to Triple Cheese Series, menu terbaru dari Gindaco yang siap memanjakan para pencinta - [ baca lebih la…"
2026-06-18,Promo Lawson Ngemil Rp. 10.000,"Promo Lawson Ngemil Rp. 10.000 paket snack pilihan dengan mekanisme pembelian tertentu berlaku mulai tanggal 16 Juni 2026 – 30 Juni 2026 di seluruh outlet. Saatnya stock cemilan favorit tanpa bikin kantong bolong! Promo Lawson - [ baca lebih lanjut ] -
The po…"
2026-06-18,"Promo Tom Sushi Hari Sushi Internasional Volcano Rp. 1,-","Promo Tom Sushi Hari Sushi Internasional Volcano Rp. 1,- tebus menu dengan minimum transaksi Rp. 200.000 berlaku 18 Juni 2026 di seluruh outlet. Beneran nggak salah baca, Tom-ers! Dalam rangka merayakan Hari Sushi Internasional 2026, - [ baca lebih lanjut ] -…"
2026-06-17,Wamen ATR/BPN: Sektor Pertanahan Berperan Strategis dalam Mendukung Program Asta Cita Presiden,"JAKARTA, Rabu (17/6) suaraindonesia-news.com – Sektor pertanahan dinilai...
The post Wamen ATR/BPN: Sektor Pertanahan Berperan Strategis dalam Mendukung Program Asta Cita Presiden appeared first on Suara Indonesia."
2026-06-17,"Riski Afrisal, Gio Numberi, dan Aji Kusuma Bertahan di Madura United, Emerson Tinggalkan Tim","PAMEKASAN, Rabu (17/06) suaraindonesia-news.com – Madura United melakukan...
The post Riski Afrisal, Gio Numberi, dan Aji Kusuma Bertahan di Madura United, Emerson Tinggalkan Tim appeared first on Suara Indonesia."
2026-06-17,Pop-Up Store Miniso x Toy Story di Mall Of Indonesia,"Pop-Up Store Miniso x Toy Story di Mall Of Indonesia berlangsung 25 Juni–12 Juli 2026 dengan photobooth dan permainan berhadiah. To infinity and beyond! ✨ Woody, Buzz, Jessie, dan karakter Toy Story lainnya hadir dalam - [ baca lebih lanjut ] -
The post Pop…"
2026-06-17,Promo Cinema XXI GoPay Tiket Jangan Buang Ibu Rp. 20.000,"Promo Cinema XXI GoPay Tiket Jangan Buang Ibu Rp. 20.000 berlaku mulai tanggal 15 Juni 2026 – 25 Juni 2026 melalui aplikasi GoPay untuk studio Deluxe Cinema XXI. Nonton film Indonesia terbaru jadi lebih hemat - [ baca lebih lanjut ] -
The post Promo Cinema XX…"
2026-06-17,Soundtrack Ikonik Film Toy Story,"Lima soundtrack ikonik dari film Toy Story, mulai dari lagu klasik Randy Newman hingga karya terbaru Taylor Swift untuk Toy Story 5, yang melengkapi kisah Woody dan teman-temannya."
2026-06-17,Promo Dadar Beredar DARDOR Diskon 50%,"Promo Dadar Beredar DARDOR Diskon 50% untuk delivery order berlaku mulai tanggal 16 Juni 2026 – 30 Juni 2026 melalui layanan pemesanan DARDOR. Lagi pengen makan telur dadar krispi tanpa harus keluar rumah?  Promo - [ baca lebih lanjut ] -
The post Promo D…"
2026-06-17,Promo CGV Rabu BerDUO Buy 1 Get 2 Tiket Regular 2D,"Promo CGV Rabu BerDUO Buy 1 Get 2 Tiket Regular 2D nonton berdua bayar 1 via QRIS myBCA berlaku 17 Juni 2026 – 25 November 2026 di seluruh outlet. Promo CGV Rabu BerDUO Buy 1 - [ baca lebih lanjut ] -
The post Promo CGV Rabu BerDUO Buy 1 Get 2 Tiket Regular 2…"
2026-06-17,Empat Lembaga Nasional Soroti Kualitas Pelayanan RSUD dr. H. Moh. Anwar Sumenep,"SUMENEP, Rabu (17/6) suaraindonesia-news.com – Kualitas pelayanan kesehatan...
The post Empat Lembaga Nasional Soroti Kualitas Pelayanan RSUD dr. H. Moh. Anwar Sumenep appeared first on Suara Indonesia."
2026-06-17,RSUD dr. H. Moh. Anwar Sumenep Hadirkan Layanan Digital untuk Tingkatkan Kualitas Pelayanan,"SUMENEP, Rabu (17/06) suaraindonesia-news.com – Rumah Sakit Umum...
The post RSUD dr. H. Moh. Anwar Sumenep Hadirkan Layanan Digital untuk Tingkatkan Kualitas Pelayanan appeared first on Suara Indonesia."
2026-06-17,RSUD dr. H. Moh. Anwar Sumenep Perkuat Validasi Data untuk Menunjang Mutu Layanan dan Keselamatan Pasien,"SUMENEP, Rabu (17/06) suaraindonesia-news.com – Rumah Sakit Umum...
The post RSUD dr. H. Moh. Anwar Sumenep Perkuat Validasi Data untuk Menunjang Mutu Layanan dan Keselamatan Pasien appeared first on Suara Indonesia."
2026-06-17,"RSUD dr. Moh. Anwar Sumenep Tegaskan Komitmen Berikan Pelayanan Kesehatan yang Cepat, Baik, dan Setara","SUMENEP, Rabu (17/06) suaraindonesia-news.com – Pelayanan yang cepat,...
The post RSUD dr. Moh. Anwar Sumenep Tegaskan Komitmen Berikan Pelayanan Kesehatan yang Cepat, Baik, dan Setara appeared first on Suara Indonesia."
2026-06-17,7 immoral Tales (2025),"Tujuh kisah menyelami permainan kekuasaan, hasrat, dan kebutuhan yang menyimpang. Dilema moral, daya tarik terlarang, dan rahasia intim saling terkait […]
The post 7 immoral Tales (2025) appeared first on Samehadaku."
2026-06-17,Hell in Paradise (2025),"Nina, seorang migran, menerima pekerjaan di sebuah hotel di Maladewa, tetapi surga pulaunya berubah menjadi mimpi buruk setelah sebuah insiden. […]
The post Hell in Paradise (2025) appeared first on Samehadaku."
2026-06-17,Kolahalamedu (2026),"Di desa terpencil Kolahalamedu, yang dikelilingi hutan lebat, teror terjadi ketika seekor macan tutul pemakan manusia mulai memburu manusia. Petugas […]
The post Kolahalamedu (2026) appeared first on Samehadaku."
2026-06-17,Pressure (2026),"Dalam 72 jam yang menegangkan sebelum D-Day, dan nasib dunia bebas dipertaruhkan, Jenderal Dwight D. Eisenhower dan Kapten James Stagg […]
The post Pressure (2026) appeared first on Samehadaku."
2026-06-17,Promo BCA Gallery Blibli Diskon hingga Rp. 500 Ribu,"Promo BCA Gallery Blibli Diskon hingga Rp. 500 Ribu untuk berbagai kategori produk dengan Kartu Kredit BCA, berlaku mulai tanggal 11 Juni 2026 – 30 April 2027. Bulan baru, saatnya checkout produk impian yang sudah - [ baca lebih lanjut ] -
The post Promo BCA …"
2026-06-17,Promo Lawson Potongan Rp. 15.000 Pakai QRIS Aladin,"Promo Lawson Potongan Rp. 15.000 Pakai QRIS Aladin hemat belanja minimal Rp75.000 bayar QRIS Aladin berlaku mulai tanggal 16 Juni 2026 – 31 Juli 2026. Ngopi, makan siang, atau cari camilan? Semua jadi lebih hemat - [ baca lebih lanjut ] -
The post Promo Lawso…"
2026-06-17,Promo Subway Galungan Deals Paket Hemat Rp. 68.000,"Promo Subway Galungan Deals Paket Hemat Rp. 68.000 combo sandwich, cookie, minuman berlaku 17 Juni 2026 – 21 Juni 2026 di seluruh outlet Bali. Rayakan Hari Raya Galungan jadi lebih spesial ✨ dengan Promo Subway - [ baca lebih lanjut ] -
The post Promo Subway …"
2026-06-17,"Para Pemimpin di Sektor Kesehatan Indonesia Berkumpul dalam Forum Eksekutif Eksklusif tentang AI, Keamanan Siber, dan Masa Depan Komunikasi Layanan Kesehatan yang Aman","Forum yang diselenggarakan oleh NetSfere, Mayapada Healthcare, dan Qualitas ini akan menyajikan wawasan praktis tentang upaya melindungi data pasien, mendukung kolaborasi klinis yang aman, memperkuat ketahanan siber, serta mempersiapkan diri dalam menghadapi …"
